/*
SQLyog  v12.2.6 (64 bit)
MySQL - 10.1.13-MariaDB : Database - jfinal1.2
*********************************************************************
*/

/*!40101 SET NAMES utf8 */;

/*!40101 SET SQL_MODE=''*/;

/*!40014 SET @OLD_UNIQUE_CHECKS=@@UNIQUE_CHECKS, UNIQUE_CHECKS=0 */;
/*!40014 SET @OLD_FOREIGN_KEY_CHECKS=@@FOREIGN_KEY_CHECKS, FOREIGN_KEY_CHECKS=0 */;
/*!40101 SET @OLD_SQL_MODE=@@SQL_MODE, SQL_MODE='NO_AUTO_VALUE_ON_ZERO' */;
/*!40111 SET @OLD_SQL_NOTES=@@SQL_NOTES, SQL_NOTES=0 */;
CREATE DATABASE /*!32312 IF NOT EXISTS*/`jfinal1.2` /*!40100 DEFAULT CHARACTER SET utf8 */;

USE `jfinal1.2`;

/*Table structure for table `sys_area` */

DROP TABLE IF EXISTS `sys_area`;

CREATE TABLE `sys_area` (
  `id` varchar(64) NOT NULL COMMENT '编号',
  `parent_id` varchar(64) NOT NULL COMMENT '父级编号',
  `parent_ids` varchar(2000) NOT NULL COMMENT '所有父级编号',
  `name` varchar(100) NOT NULL COMMENT '名称',
  `sort` double NOT NULL COMMENT '排序',
  `code` varchar(100) DEFAULT NULL COMMENT '区域编码',
  `type` char(1) DEFAULT NULL COMMENT '区域类型（1：国家；2：省份、直辖市；3：地市；4：区县）',
  `create_by` varchar(64) NOT NULL COMMENT '创建者',
  `create_date` datetime NOT NULL COMMENT '创建时间',
  `update_by` varchar(64) NOT NULL COMMENT '更新者',
  `update_date` datetime NOT NULL COMMENT '更新时间',
  `remarks` varchar(255) DEFAULT NULL COMMENT '备注信息',
  `del_flag` char(1) NOT NULL DEFAULT '0' COMMENT '删除标记（0：正常；1：删除）',
  PRIMARY KEY (`id`)
) ENGINE=InnoDB DEFAULT CHARSET=utf8 COMMENT='区域表';

/*Data for the table `sys_area` */

insert  into `sys_area`(`id`,`parent_id`,`parent_ids`,`name`,`sort`,`code`,`type`,`create_by`,`create_date`,`update_by`,`update_date`,`remarks`,`del_flag`) values 
('0be5d9c7-8032-4578-b364-aa809caf7594','a326f968-1277-41b8-9c6d-0a4e89723bda','a326f968-1277-41b8-9c6d-0a4e89723bda|0be5d9c7-8032-4578-b364-aa809caf7594','赛罕区',1.15,'15200','4','9b70e448-58e7-4a46-ac83-c408d835643d','2016-07-30 15:00:48','9b70e448-58e7-4a46-ac83-c408d835643d','2016-07-30 15:00:48',NULL,'1'),
('181ac006-d15a-4b75-a1c2-ecb1f72718a9','b6088cbc-f620-4cc8-8695-8c82a2cbab84','b6088cbc-f620-4cc8-8695-8c82a2cbab84|181ac006-d15a-4b75-a1c2-ecb1f72718a9','海拉尔',1.2,'0133122','3','9b70e448-58e7-4a46-ac83-c408d835643d','2016-07-30 14:52:54','9b70e448-58e7-4a46-ac83-c408d835643d','2016-07-30 14:52:54','测试','1'),
('1c924364-fd13-4d1b-9693-c5982ff9eb47','a326f968-1277-41b8-9c6d-0a4e89723bda','a326f968-1277-41b8-9c6d-0a4e89723bda|1c924364-fd13-4d1b-9693-c5982ff9eb47','赛罕区',1.16,'35132132','4','9b70e448-58e7-4a46-ac83-c408d835643d','2016-08-09 08:47:42','9b70e448-58e7-4a46-ac83-c408d835643d','2016-08-09 08:47:42',NULL,'0'),
('223073c8-57da-40e6-be27-8463bc3a950b','a326f968-1277-41b8-9c6d-0a4e89723bda','a326f968-1277-41b8-9c6d-0a4e89723bda|223073c8-57da-40e6-be27-8463bc3a950b','赛罕区',1.14,'15200','4','9b70e448-58e7-4a46-ac83-c408d835643d','2016-07-30 15:03:54','9b70e448-58e7-4a46-ac83-c408d835643d','2016-07-30 15:03:54',NULL,'1'),
('4b3bffab-75c0-48a2-bea3-206ffd4934de','','','2333',4,'33333','2','9b70e448-58e7-4a46-ac83-c408d835643d','2017-01-02 21:41:47','9b70e448-58e7-4a46-ac83-c408d835643d','2017-01-02 21:41:47','33333','0'),
('4bbd9579-c60a-481f-81e5-8186e4f06056','','','大学城',2,'15631','4','9b70e448-58e7-4a46-ac83-c408d835643d','2016-08-09 08:49:19','9b70e448-58e7-4a46-ac83-c408d835643d','2016-08-09 08:49:19',NULL,'1'),
('70482cbc-f27d-45e7-8452-a2e0d7d5f1df','4b3bffab-75c0-48a2-bea3-206ffd4934de','4b3bffab-75c0-48a2-bea3-206ffd4934de|70482cbc-f27d-45e7-8452-a2e0d7d5f1df','22222',4.01,'3333','3','9b70e448-58e7-4a46-ac83-c408d835643d','2017-01-02 22:00:58','9b70e448-58e7-4a46-ac83-c408d835643d','2017-01-02 22:00:58','333333','0'),
('76673596-c3bc-4b9d-b9e1-45d056a3926f','a326f968-1277-41b8-9c6d-0a4e89723bda','a326f968-1277-41b8-9c6d-0a4e89723bda|76673596-c3bc-4b9d-b9e1-45d056a3926f','玉泉区',1.12,'123100','4','9b70e448-58e7-4a46-ac83-c408d835643d','2016-06-30 17:26:08','9b70e448-58e7-4a46-ac83-c408d835643d','2016-06-30 17:26:08',NULL,'0'),
('8586f081-146c-4cc2-8e08-e9002a52f807','a326f968-1277-41b8-9c6d-0a4e89723bda','b6088cbc-f620-4cc8-8695-8c82a2cbab84|a326f968-1277-41b8-9c6d-0a4e89723bda','市辖区',1.11,'150000','4','9b70e448-58e7-4a46-ac83-c408d835643d','2016-07-06 16:13:56','9b70e448-58e7-4a46-ac83-c408d835643d','2016-07-06 16:13:56',NULL,'1'),
('87b3a809-0280-4780-ab40-1a706c604062','','','55555',5,'5555','4','9b70e448-58e7-4a46-ac83-c408d835643d','2017-01-02 22:00:41','9b70e448-58e7-4a46-ac83-c408d835643d','2017-01-02 22:00:41','5555','1'),
('a326f968-1277-41b8-9c6d-0a4e89723bda','b6088cbc-f620-4cc8-8695-8c82a2cbab84','b6088cbc-f620-4cc8-8695-8c82a2cbab84|','呼和浩特',1.1,'150000','3','9b70e448-58e7-4a46-ac83-c408d835643d','2016-06-30 17:33:36','9b70e448-58e7-4a46-ac83-c408d835643d','2016-06-30 17:33:36',NULL,'0'),
('b6088cbc-f620-4cc8-8695-8c82a2cbab84','','','内蒙古自治区',1,'150000','2','9b70e448-58e7-4a46-ac83-c408d835643d','2016-06-30 17:24:22','9b70e448-58e7-4a46-ac83-c408d835643d','2016-06-30 17:24:22',NULL,'0'),
('bc0bb1dd-9209-485c-9861-252bb51d555c','b6088cbc-f620-4cc8-8695-8c82a2cbab84','b6088cbc-f620-4cc8-8695-8c82a2cbab84|bc0bb1dd-9209-485c-9861-252bb51d555c','巴彦淖尔市',1.3,'3541516165','3','9b70e448-58e7-4a46-ac83-c408d835643d','2017-01-02 21:28:54','9b70e448-58e7-4a46-ac83-c408d835643d','2017-01-02 21:28:54',NULL,'1'),
('d04cad96-216f-4592-990c-eef64725a939','a326f968-1277-41b8-9c6d-0a4e89723bda','a326f968-1277-41b8-9c6d-0a4e89723bda|d04cad96-216f-4592-990c-eef64725a939','回民区',1.13,'102314','4','9b70e448-58e7-4a46-ac83-c408d835643d','2016-07-06 15:11:27','9b70e448-58e7-4a46-ac83-c408d835643d','2016-07-06 17:25:04','斤斤计较123122312313111','0'),
('d6982d40-65a9-4e77-869f-66fe5a73ef90','a326f968-1277-41b8-9c6d-0a4e89723bda','a326f968-1277-41b8-9c6d-0a4e89723bda|d6982d40-65a9-4e77-869f-66fe5a73ef90','新城区',1.17,'23132131','4','9b70e448-58e7-4a46-ac83-c408d835643d','2016-08-09 08:48:48','9b70e448-58e7-4a46-ac83-c408d835643d','2016-08-09 08:48:48',NULL,'0'),
('e5fd6a01-220c-4382-b685-6fd2a4025ded','87b3a809-0280-4780-ab40-1a706c604062','','ss',3,'9000','3','9b70e448-58e7-4a46-ac83-c408d835643d','2017-01-02 22:00:38','9b70e448-58e7-4a46-ac83-c408d835643d','2017-01-02 22:00:38','22222','1');

/*Table structure for table `sys_dict` */

DROP TABLE IF EXISTS `sys_dict`;

CREATE TABLE `sys_dict` (
  `id` varchar(64) NOT NULL COMMENT '编号',
  `dictkey` varchar(64) DEFAULT NULL COMMENT '字典key',
  `dictvalue` varchar(100) DEFAULT NULL COMMENT '数据字典值',
  `description` varchar(100) DEFAULT NULL COMMENT '描述',
  `type` varchar(64) DEFAULT NULL COMMENT '数据字典类型',
  `create_by` varchar(64) NOT NULL COMMENT '创建者',
  `create_date` datetime NOT NULL COMMENT '创建时间',
  `update_by` varchar(64) NOT NULL COMMENT '更新者',
  `update_date` datetime NOT NULL COMMENT '更新时间',
  `remarks` varchar(255) DEFAULT NULL COMMENT '备注信息',
  `del_flag` char(1) NOT NULL DEFAULT '0' COMMENT '删除标记（0：正常；1：删除）',
  `typeinfo` varchar(255) DEFAULT NULL COMMENT '数据字典类型描述',
  PRIMARY KEY (`id`)
) ENGINE=InnoDB DEFAULT CHARSET=utf8 COMMENT='多级字典表';

/*Data for the table `sys_dict` */

insert  into `sys_dict`(`id`,`dictkey`,`dictvalue`,`description`,`type`,`create_by`,`create_date`,`update_by`,`update_date`,`remarks`,`del_flag`,`typeinfo`) values 
('0ed39298-604e-469a-9d65-d66703d05941','3','一般权限',NULL,'1001','','2016-06-30 18:00:29','9b70e448-58e7-4a46-ac83-c408d835643d','2016-06-30 18:00:29','1','0','角色'),
('16a66fc3-9d26-4db9-bef2-bc846b6df248','3','地级市',NULL,'1010','','2016-07-01 17:10:09','9b70e448-58e7-4a46-ac83-c408d835643d','2016-07-01 17:10:09',NULL,'0','区域类型'),
('1e69b048-2b2d-4b43-b53d-e85cd42e9050','1','已审核',NULL,'1017','9b70e448-58e7-4a46-ac83-c408d835643d','2016-07-11 10:56:00','9b70e448-58e7-4a46-ac83-c408d835643d','2016-07-11 10:56:00','发帖通过审核','0','操作'),
('29b8d6c9-b312-48b6-8cea-b7ef4edd644b','1','校园动态',NULL,'1013','','2016-07-11 10:54:50','9b70e448-58e7-4a46-ac83-c408d835643d','2016-07-11 10:54:50',NULL,'0','微信信息分类'),
('2aeba0e9-7efd-42aa-84e7-43492a98a4d5','1','22222',NULL,'1008','8928eb71-38f0-4d11-a9b8-8b3e1c005106','2017-01-03 16:11:44','9b70e448-58e7-4a46-ac83-c408d835643d','2017-01-03 16:11:44','2222','1','学位'),
('2fea8089-e6c1-4c07-99d9-70f1a4553ad5','4','举报',NULL,'1016','','2016-07-15 17:33:15','9b70e448-58e7-4a46-ac83-c408d835643d','2016-07-15 17:33:27','论坛操作类型','0','操作'),
('3922150a-db50-4083-a134-61ab5e7227f0','2','招生就业',NULL,'1013','','2016-07-11 10:55:37','9b70e448-58e7-4a46-ac83-c408d835643d','2016-07-12 08:44:20',NULL,'0','微信信息分类'),
('41b4d0fd-26d2-404b-9fb7-ea93938e611c','4','区县',NULL,'1010','','2016-07-01 17:10:23','9b70e448-58e7-4a46-ac83-c408d835643d','2016-07-01 17:10:23',NULL,'0','区域类型'),
('44b58b74-0dec-445a-8c00-1ae52aeb6c3b','1','点赞',NULL,'1016','','2016-07-15 17:27:59','9b70e448-58e7-4a46-ac83-c408d835643d','2016-07-15 17:28:21','论坛操作类型','0','操作'),
('491387a3-5bd9-4549-8341-fbeb5e230f0e','2','管理员',NULL,'1003','','2016-08-09 09:18:32','9b70e448-58e7-4a46-ac83-c408d835643d','2016-08-09 09:18:32',NULL,'0','人员类型'),
('4aef2cd1-12a7-4580-8a31-4f8f2c41ca86','1','置顶',NULL,'1014','','2016-07-11 10:57:03','9b70e448-58e7-4a46-ac83-c408d835643d','2016-07-11 10:57:03',NULL,'0','置顶状态'),
('4d45b231-ee7b-44be-99d9-64642b2a5e28','11','管理员',NULL,'1001','','2016-06-29 17:32:33','9b70e448-58e7-4a46-ac83-c408d835643d','2016-06-29 17:32:33','11','0','角色'),
('5724a3bd-e3ed-44c1-8ed1-cbd9c9a3179d','0','未置顶',NULL,'1014','','2016-07-11 10:56:37','9b70e448-58e7-4a46-ac83-c408d835643d','2016-07-11 10:56:37',NULL,'0','置顶状态'),
('593fa3ba-210b-4847-b34f-05ff87439b57','1','一般用户',NULL,'1003','','2016-06-30 11:22:39','9b70e448-58e7-4a46-ac83-c408d835643d','2016-06-30 11:45:27',NULL,'0','人员类型'),
('5ace504a-6c2f-4d52-91ee-b7f5c8d9081e','2','虚拟组',NULL,'1000','','2016-06-24 15:01:59','9b70e448-58e7-4a46-ac83-c408d835643d','2016-06-24 15:01:59','虚拟组','0','机构'),
('5f0df8a7-d629-4194-94f0-2e34f0a2de96','2','省市/自治区',NULL,'1010','','2016-07-01 17:08:46','9b70e448-58e7-4a46-ac83-c408d835643d','2016-07-01 17:09:43',NULL,'0','区域类型'),
('79438dc5-6cc0-44ab-9ce6-ffbd4ac443f5','1','日志',NULL,'1008','','2016-07-30 17:10:14','9b70e448-58e7-4a46-ac83-c408d835643d','2016-07-30 17:10:14','222','1','学位'),
('874743c2-8234-4fad-9458-b0a18382bffb','0','未发布',NULL,'1015','','2016-07-11 10:57:40','9b70e448-58e7-4a46-ac83-c408d835643d','2016-07-11 10:57:40',NULL,'0','发布状态'),
('923bdaa8-afb5-49c4-93f7-4a3214299970\n','3','评论',NULL,'1016','','2016-07-15 17:31:27','9b70e448-58e7-4a46-ac83-c408d835643d','2016-07-15 17:31:44','论坛操作类型','0','操作'),
('93415a7d-6d6a-460d-9952-568d549b2bab','1','22222',NULL,'1011','8928eb71-38f0-4d11-a9b8-8b3e1c005106','2017-01-03 16:09:10','9b70e448-58e7-4a46-ac83-c408d835643d','2017-01-03 16:09:10','22222','1','日志操作类型'),
('a4449598-7614-4ce8-a441-479399769b3d','6','6',NULL,'1001','8928eb71-38f0-4d11-a9b8-8b3e1c005106','2017-01-03 16:35:04','9b70e448-58e7-4a46-ac83-c408d835643d','2017-01-03 16:35:04','6','1','角色'),
('a7410bb4-009c-4fa7-a2bc-627458e226a6','4','校园讲座',NULL,'1013','','2016-07-12 08:44:50','9b70e448-58e7-4a46-ac83-c408d835643d','2016-07-12 08:44:50',NULL,'0','微信信息分类'),
('ad91383b-ed5a-4eb3-8e43-aedf0f2af63d','3','岗位',NULL,'1000','','2016-06-24 15:02:20','9b70e448-58e7-4a46-ac83-c408d835643d','2016-06-24 15:02:20','岗位','0','机构'),
('af463a95-ad57-499e-9565-afb17164ad14','0','未审核',NULL,'1017','9b70e448-58e7-4a46-ac83-c408d835643d','2016-07-11 10:56:00','9b70e448-58e7-4a46-ac83-c408d835643d','2016-07-11 10:56:00','评论没通过审核','0','操作'),
('b9809775-027d-4cfe-816c-e4603d6fdf80','1','已发布',NULL,'1015','','2016-07-11 10:58:04','9b70e448-58e7-4a46-ac83-c408d835643d','2016-07-11 16:30:18',NULL,'0','发布状态'),
('bfe82762-91b1-4b66-9f08-80a3a3287b57','33','33',NULL,'1001','8928eb71-38f0-4d11-a9b8-8b3e1c005106','2017-01-03 16:29:09','9b70e448-58e7-4a46-ac83-c408d835643d','2017-01-03 16:29:09','33','1','角色'),
('d16a60a5-2856-458e-91b0-71e60efdf772','1','机构',NULL,'1000','','2016-06-24 15:00:30','9b70e448-58e7-4a46-ac83-c408d835643d','2016-06-24 15:00:30','机构','0','机构'),
('e01ef285-5161-4bf5-b34b-15adcfedc4e1','1','国家',NULL,'1010','','2016-07-01 17:08:27','9b70e448-58e7-4a46-ac83-c408d835643d','2016-07-01 17:08:27',NULL,'0','区域类型'),
('e6f09dd1-87f2-415e-aad7-7a13d9a96a16','2','收藏',NULL,'1016','','2016-07-15 17:30:24','9b70e448-58e7-4a46-ac83-c408d835643d','2016-07-15 17:30:41','论坛操作类型','0','操作'),
('f92a9819-37fc-4e6b-8ee7-516534f74a1e','3','校园概况',NULL,'1013','','2016-07-11 10:56:00','9b70e448-58e7-4a46-ac83-c408d835643d','2016-07-11 10:56:00',NULL,'0','微信信息分类');

/*Table structure for table `sys_folder` */

DROP TABLE IF EXISTS `sys_folder`;

CREATE TABLE `sys_folder` (
  `id` varchar(64) NOT NULL,
  `name` varchar(256) DEFAULT NULL,
  `filepath` varchar(256) DEFAULT NULL,
  `create_by` varchar(64) NOT NULL COMMENT '创建者',
  `create_date` datetime NOT NULL COMMENT '创建时间',
  `update_by` varchar(64) NOT NULL COMMENT '更新者',
  `update_date` datetime NOT NULL COMMENT '更新时间',
  `remarks` varchar(255) DEFAULT NULL COMMENT '备注信息',
  `del_flag` char(1) NOT NULL DEFAULT '0' COMMENT '删除标记（0：正常；1：删除）',
  PRIMARY KEY (`id`)
) ENGINE=InnoDB DEFAULT CHARSET=utf8;

/*Data for the table `sys_folder` */

/*Table structure for table `sys_log` */

DROP TABLE IF EXISTS `sys_log`;

CREATE TABLE `sys_log` (
  `id` varchar(64) NOT NULL COMMENT '编号',
  `type` char(64) DEFAULT '1' COMMENT '日志类型（1:登录、2:登出...）数据字典存取',
  `title` varchar(500) DEFAULT NULL,
  `content` varchar(2000) NOT NULL,
  `create_by` varchar(64) NOT NULL COMMENT '创建者',
  `operatorname` varchar(20) NOT NULL,
  `create_date` datetime DEFAULT NULL COMMENT '创建时间',
  PRIMARY KEY (`id`)
) ENGINE=InnoDB DEFAULT CHARSET=utf8 COMMENT='日志表';

/*Data for the table `sys_log` */

insert  into `sys_log`(`id`,`type`,`title`,`content`,`create_by`,`operatorname`,`create_date`) values 
('0554c02e-5348-44bb-9bac-b298b4a2e9ee','7','用户删除','陈钢在2016-08-30 11:24:19操作了用户删除功能','9b70e448-58e7-4a46-ac83-c408d835643d','陈钢','2016-08-30 11:24:19'),
('0b252b95-d9e1-47ab-8a8a-393132f950e9','7','地区删除','陈钢在2017-01-02 21:28:54操作了地区删除功能','9b70e448-58e7-4a46-ac83-c408d835643d','陈钢','2017-01-02 21:28:54'),
('0d4a748f-0e1f-4234-a81b-b7599a4243d9','5','数据字典添加','陈钢在2017-01-03 16:01:13操作了数据字典添加功能','9b70e448-58e7-4a46-ac83-c408d835643d','陈钢','2017-01-03 16:01:13'),
('1375dcd1-7b12-4e30-8309-65e1efcdf78c','5','机构添加','陈钢在2016-12-30 11:52:53操作了机构添加功能','9b70e448-58e7-4a46-ac83-c408d835643d','陈钢','2016-12-30 11:52:53'),
('13fe65f7-2c0a-47c7-946f-64ce6664084b','7','用户删除','陈钢在2016-08-30 11:24:12操作了用户删除功能','9b70e448-58e7-4a46-ac83-c408d835643d','陈钢','2016-08-30 11:24:12'),
('14b48dd7-a072-4844-9b5e-c44bb52495a5','4','用户注销','陈钢在2017-01-03 09:41:57操作了用户注销功能','9b70e448-58e7-4a46-ac83-c408d835643d','陈钢','2017-01-03 09:41:57'),
('1e4a8f9a-b5b1-486a-9748-3bd94040bc37','4','用户注销','陈钢在2017-01-03 10:08:58操作了用户注销功能','9b70e448-58e7-4a46-ac83-c408d835643d','陈钢','2017-01-03 10:08:58'),
('1f8cc5a0-e22f-424c-8a80-8acd46d6ad4d','7','数据字典删除','陈钢在2017-01-03 16:35:11操作了数据字典删除功能','9b70e448-58e7-4a46-ac83-c408d835643d','陈钢','2017-01-03 16:35:11'),
('25381bee-c2c2-466f-ba5f-fd0861ebdc63','1','用户登录','陈钢在2016-08-24 11:41:54操作了用户登录功能','9b70e448-58e7-4a46-ac83-c408d835643d','陈钢','2016-08-24 11:41:54'),
('27c1902c-2aa3-4418-bc0b-a2687a36cffe','7','数据字典删除','陈钢在2017-01-03 16:09:10操作了数据字典删除功能','9b70e448-58e7-4a46-ac83-c408d835643d','陈钢','2017-01-03 16:09:10'),
('2d8950fa-1447-41e7-bdb0-d43e8c785060','4','用户注销','陈钢在2017-01-03 11:16:15操作了用户注销功能','9b70e448-58e7-4a46-ac83-c408d835643d','陈钢','2017-01-03 11:16:15'),
('3261e7e2-0071-4ebc-9f44-82e3fbb6cbc5','7','用户删除','陈钢在2017-01-03 09:57:12操作了用户删除功能','9b70e448-58e7-4a46-ac83-c408d835643d','陈钢','2017-01-03 09:57:12'),
('38e24e5f-613d-4d3d-9d15-a30f3d342af1','5','地区添加','陈钢在2017-01-02 21:41:47操作了地区添加功能','9b70e448-58e7-4a46-ac83-c408d835643d','陈钢','2017-01-02 21:41:47'),
('3d1ef908-9939-4967-8a8a-77ab15a76f41','7','用户删除','陈钢在2017-01-03 14:38:59操作了用户删除功能','9b70e448-58e7-4a46-ac83-c408d835643d','陈钢','2017-01-03 14:38:59'),
('401cd601-581f-4727-acad-3049aa2531be','6','机构修改','陈钢在2016-12-30 15:13:52操作了机构修改功能','9b70e448-58e7-4a46-ac83-c408d835643d','陈钢','2016-12-30 15:13:52'),
('40f3dd05-4b85-4ab1-949c-38feccbb504a','5','用户添加','陈钢在2017-01-03 14:37:10操作了用户添加功能','9b70e448-58e7-4a46-ac83-c408d835643d','陈钢','2017-01-03 14:37:10'),
('41ca2876-c0a2-4805-aaf8-8cee6c11b534','4','用户注销','陈钢在2017-01-03 09:45:58操作了用户注销功能','9b70e448-58e7-4a46-ac83-c408d835643d','陈钢','2017-01-03 09:45:58'),
('480312e8-6a70-44b7-83c6-35fbb3aa46c8','1','用户登录','陈钢在2016-08-24 11:37:26操作了用户登录功能','9b70e448-58e7-4a46-ac83-c408d835643d','陈钢','2016-08-24 11:37:26'),
('4cd5b60d-a5e6-4574-9578-07a33ae512c3','6','地区修改','陈钢在2017-01-02 21:55:42操作了地区修改功能','9b70e448-58e7-4a46-ac83-c408d835643d','陈钢','2017-01-02 21:55:42'),
('516d343a-9586-4480-944d-28ed3c62b3f0','5','机构添加','陈钢在2016-12-30 15:13:18操作了机构添加功能','9b70e448-58e7-4a46-ac83-c408d835643d','陈钢','2016-12-30 15:13:18'),
('53c7ce1b-69ea-4d12-905b-b05b8e7541c3','7','用户删除','陈钢在2016-08-30 11:24:28操作了用户删除功能','9b70e448-58e7-4a46-ac83-c408d835643d','陈钢','2016-08-30 11:24:28'),
('548fc777-de5c-4f51-b67a-c90a29f6ab98','7','用户删除','陈钢在2016-08-30 11:24:37操作了用户删除功能','9b70e448-58e7-4a46-ac83-c408d835643d','陈钢','2016-08-30 11:24:37'),
('5abcffd2-665b-4b7a-a020-411816233977','6','角色修改','陈钢在2017-01-04 10:05:50操作了角色修改功能','9b70e448-58e7-4a46-ac83-c408d835643d','陈钢','2017-01-04 10:05:50'),
('662bb3c1-01c3-4e88-8806-ab3568a1d29d','7','机构删除','陈钢在2016-12-30 11:52:33操作了机构删除功能','9b70e448-58e7-4a46-ac83-c408d835643d','陈钢','2016-12-30 11:52:33'),
('6790e0da-369d-4028-8649-6c3ba22cbc8b','4','用户注销','陈钢在2017-01-03 09:42:37操作了用户注销功能','9b70e448-58e7-4a46-ac83-c408d835643d','陈钢','2017-01-03 09:42:37'),
('6a1495fc-e4c0-4224-9554-4fc447448f46','4','用户注销','陈钢在2017-01-03 10:09:37操作了用户注销功能','9b70e448-58e7-4a46-ac83-c408d835643d','陈钢','2017-01-03 10:09:37'),
('6b42a0ef-f710-42ce-9d5f-221f7c80aac3','5','地区添加','陈钢在2017-01-02 22:00:58操作了地区添加功能','9b70e448-58e7-4a46-ac83-c408d835643d','陈钢','2017-01-02 22:00:58'),
('6ba89b19-8d83-4cd9-8b1d-8aaa7d6453ff','5','地区添加','陈钢在2017-01-02 21:41:28操作了地区添加功能','9b70e448-58e7-4a46-ac83-c408d835643d','陈钢','2017-01-02 21:41:28'),
('6db8cc8d-f567-4273-bdd6-1ef7c87a9d22','7','用户删除','陈钢在2016-08-30 11:24:25操作了用户删除功能','9b70e448-58e7-4a46-ac83-c408d835643d','陈钢','2016-08-30 11:24:25'),
('70deeb6c-db2b-4d87-adee-965ca898fc3d','4','用户注销','陈钢在2017-01-03 09:51:48操作了用户注销功能','9b70e448-58e7-4a46-ac83-c408d835643d','陈钢','2017-01-03 09:51:48'),
('7487d4e9-a26f-4c74-87c8-0fff6c296bc4','2','用户注销','陈钢在2016-08-24 11:17:58操作了用户注销功能','9b70e448-58e7-4a46-ac83-c408d835643d','陈钢','2016-08-24 11:17:58'),
('7d00cedf-5fa1-4d1e-b5c1-2f0648d1b104','5','数据字典添加','陈钢在2017-01-03 16:11:37操作了数据字典添加功能','9b70e448-58e7-4a46-ac83-c408d835643d','陈钢','2017-01-03 16:11:37'),
('7f75c1e5-ebfd-42cf-9931-1f0d05b859ef','4','用户注销','陈钢在2017-01-03 10:08:07操作了用户注销功能','9b70e448-58e7-4a46-ac83-c408d835643d','陈钢','2017-01-03 10:08:07'),
('81de3064-2faa-4c61-8888-a1f54a3b2d31','7','角色删除','陈钢在2016-08-30 11:23:40操作了角色删除功能','9b70e448-58e7-4a46-ac83-c408d835643d','陈钢','2016-08-30 11:23:40'),
('81ed1857-522a-44bf-a5d5-30cda64ea775','6','用户修改','陈钢在2017-01-03 14:47:09操作了用户修改功能','9b70e448-58e7-4a46-ac83-c408d835643d','陈钢','2017-01-03 14:47:09'),
('82e46093-a288-4894-bb45-b8c1c917da2e','7','数据字典删除','陈钢在2017-01-03 16:09:05操作了数据字典删除功能','9b70e448-58e7-4a46-ac83-c408d835643d','陈钢','2017-01-03 16:09:05'),
('84c597a5-6874-4f0c-9874-1aaa404cd164','4','用户注销','陈钢在2017-01-03 09:41:23操作了用户注销功能','9b70e448-58e7-4a46-ac83-c408d835643d','陈钢','2017-01-03 09:41:23'),
('859c676c-1285-4aee-8f8a-0d14a687de14','4','用户注销','陈钢在2017-01-03 11:09:15操作了用户注销功能','9b70e448-58e7-4a46-ac83-c408d835643d','陈钢','2017-01-03 11:09:15'),
('85f071d1-e04b-4eb4-b949-7b837b256f65','7','数据字典删除','陈钢在2017-01-03 16:29:09操作了数据字典删除功能','9b70e448-58e7-4a46-ac83-c408d835643d','陈钢','2017-01-03 16:29:09'),
('8668ae30-8043-4888-bf36-645f039239e8','1','用户登录','陈钢在2016-08-24 11:48:49操作了用户登录功能','9b70e448-58e7-4a46-ac83-c408d835643d','陈钢','2016-08-24 11:48:49'),
('8718a772-5d91-4e3d-b527-7acc10d11f24','7','用户删除','陈钢在2016-08-30 11:24:23操作了用户删除功能','9b70e448-58e7-4a46-ac83-c408d835643d','陈钢','2016-08-30 11:24:23'),
('8b1447bf-5ad2-4edc-b33b-024ab8295520','4','用户注销','陈钢在2017-01-03 10:29:01操作了用户注销功能','9b70e448-58e7-4a46-ac83-c408d835643d','陈钢','2017-01-03 10:29:01'),
('8d2d2123-d00f-4ac2-992c-d1fed04f2610','4','用户注销','陈钢在2017-01-03 09:46:34操作了用户注销功能','9b70e448-58e7-4a46-ac83-c408d835643d','陈钢','2017-01-03 09:46:34'),
('8dbac80b-4193-4c74-8e73-3b7826b3573e','6','地区修改','陈钢在2017-01-02 21:49:04操作了地区修改功能','9b70e448-58e7-4a46-ac83-c408d835643d','陈钢','2017-01-02 21:49:04'),
('90fd9f5f-9e51-45cd-b4d6-a490d41cd3ac','5','角色添加','陈钢在2017-01-03 11:10:11操作了角色添加功能','9b70e448-58e7-4a46-ac83-c408d835643d','陈钢','2017-01-03 11:10:11'),
('94164771-2bd1-4b8c-847b-cd9baa693d55','7','机构删除','陈钢在2016-12-30 11:53:01操作了机构删除功能','9b70e448-58e7-4a46-ac83-c408d835643d','陈钢','2016-12-30 11:53:01'),
('94d411d5-141c-4a62-9057-3deac40e9cc0','1','用户登录','陈钢在2016-08-24 11:08:58操作了用户登录功能','9b70e448-58e7-4a46-ac83-c408d835643d','陈钢','2016-08-24 11:08:58'),
('95eb905f-2687-4c31-bd98-e2f1078a7fa1','5','机构添加','陈钢在2016-12-30 11:52:19操作了机构添加功能','9b70e448-58e7-4a46-ac83-c408d835643d','陈钢','2016-12-30 11:52:19'),
('9dbb1822-acce-4239-acb1-f3f5c5e442ba','6','用户修改','陈钢在2017-01-03 14:46:35操作了用户修改功能','9b70e448-58e7-4a46-ac83-c408d835643d','陈钢','2017-01-03 14:46:35'),
('9dc74240-938d-4144-bce5-5f1c256101e5','6','角色修改','陈钢在2017-01-03 17:44:02操作了角色修改功能','9b70e448-58e7-4a46-ac83-c408d835643d','陈钢','2017-01-03 17:44:02'),
('9dca05f3-793d-4424-988a-86d0bb234aea','2','用户注销','陈钢在2016-08-24 11:08:52操作了用户注销功能','9b70e448-58e7-4a46-ac83-c408d835643d','陈钢','2016-08-24 11:08:52'),
('9fcb2480-c4b4-47ef-a443-b4835587af86','7','机构删除','陈钢在2016-12-30 15:16:22操作了机构删除功能','9b70e448-58e7-4a46-ac83-c408d835643d','陈钢','2016-12-30 15:16:22'),
('a22d6820-be4c-4335-aff3-aa52c91661c4','5','机构添加','陈钢在2016-08-24 11:17:43操作了机构添加功能','9b70e448-58e7-4a46-ac83-c408d835643d','陈钢','2016-08-24 11:17:43'),
('a9624c26-eeb4-4945-b13e-915b3d148270','4','用户注销','陈钢在2017-01-03 09:55:22操作了用户注销功能','9b70e448-58e7-4a46-ac83-c408d835643d','陈钢','2017-01-03 09:55:22'),
('ada1b792-0f3c-4799-a104-58e2903475a8','7','角色删除','陈钢在2016-08-30 11:23:42操作了角色删除功能','9b70e448-58e7-4a46-ac83-c408d835643d','陈钢','2016-08-30 11:23:42'),
('ae72fadb-b44b-4da5-b708-ce7ca1340cfa','5','机构添加','陈钢在2016-12-30 11:52:53操作了机构添加功能','9b70e448-58e7-4a46-ac83-c408d835643d','陈钢','2016-12-30 11:52:53'),
('b0a62b4f-a536-436b-b22e-7f66bd3b263e','7','用户删除','陈钢在2016-08-30 11:24:35操作了用户删除功能','9b70e448-58e7-4a46-ac83-c408d835643d','陈钢','2016-08-30 11:24:35'),
('b60f05ca-50b1-41b7-bc33-d562ed8ce83d','4','用户注销','陈钢在2017-01-03 10:09:14操作了用户注销功能','9b70e448-58e7-4a46-ac83-c408d835643d','陈钢','2017-01-03 10:09:14'),
('b774bfe7-d538-49d3-9b5d-a7e75f2de3c9','4','用户注销','陈钢在2017-01-03 10:13:46操作了用户注销功能','9b70e448-58e7-4a46-ac83-c408d835643d','陈钢','2017-01-03 10:13:46'),
('b960dcb8-e78e-454e-919f-b7bc73d5ab53','4','用户注销','陈钢在2017-01-03 10:13:18操作了用户注销功能','9b70e448-58e7-4a46-ac83-c408d835643d','陈钢','2017-01-03 10:13:18'),
('bd182e13-c321-4b24-8282-1693c34a4307','1','用户登录','陈钢在2016-08-24 11:40:22操作了用户登录功能','9b70e448-58e7-4a46-ac83-c408d835643d','陈钢','2016-08-24 11:40:22'),
('bfa1ff3c-f5a0-46f5-91b8-d98baf83f501','5','数据字典添加','陈钢在2017-01-03 16:29:03操作了数据字典添加功能','9b70e448-58e7-4a46-ac83-c408d835643d','陈钢','2017-01-03 16:29:03'),
('c1c5e4a4-2e53-4cb0-b46a-ce671ed58bd5','7','用户删除','陈钢在2016-08-30 11:24:31操作了用户删除功能','9b70e448-58e7-4a46-ac83-c408d835643d','陈钢','2016-08-30 11:24:31'),
('c3b0b0a5-7397-4db0-9419-f9d6ad1b3dc8','7','数据字典删除','陈钢在2017-01-03 16:11:44操作了数据字典删除功能','9b70e448-58e7-4a46-ac83-c408d835643d','陈钢','2017-01-03 16:11:44'),
('c3b358e0-fcd6-467b-8290-7aec48be4249','1','用户登录','陈钢在2016-08-24 11:18:05操作了用户登录功能','9b70e448-58e7-4a46-ac83-c408d835643d','陈钢','2016-08-24 11:18:05'),
('c4d81599-21a5-4c42-85a8-4509a01adfe8','7','地区删除','陈钢在2017-01-02 22:00:38操作了地区删除功能','9b70e448-58e7-4a46-ac83-c408d835643d','陈钢','2017-01-02 22:00:38'),
('ca3ec0b5-9e5c-4d01-b4a8-e43305a2ee03','7','用户删除','陈钢在2016-08-30 11:24:33操作了用户删除功能','9b70e448-58e7-4a46-ac83-c408d835643d','陈钢','2016-08-30 11:24:33'),
('cadd6df6-f974-45e4-85e5-b35dce8badec','5','机构添加','陈钢在2016-12-30 11:52:19操作了机构添加功能','9b70e448-58e7-4a46-ac83-c408d835643d','陈钢','2016-12-30 11:52:19'),
('d54b035b-d599-4967-a1e0-53944227b38c','7','地区删除','陈钢在2017-01-02 22:00:42操作了地区删除功能','9b70e448-58e7-4a46-ac83-c408d835643d','陈钢','2017-01-02 22:00:42'),
('d8a80a0d-8997-4d37-840a-7aa5f57f8c3e','4','用户注销','陈钢在2017-01-03 09:46:15操作了用户注销功能','9b70e448-58e7-4a46-ac83-c408d835643d','陈钢','2017-01-03 09:46:15'),
('d9baf2d0-f999-4913-8a9d-98401e8a8da9','7','用户删除','陈钢在2016-08-30 11:24:15操作了用户删除功能','9b70e448-58e7-4a46-ac83-c408d835643d','陈钢','2016-08-30 11:24:15'),
('d9c3f280-5130-4f54-8a69-e8f610f3751f','7','机构删除','陈钢在2016-12-30 11:52:38操作了机构删除功能','9b70e448-58e7-4a46-ac83-c408d835643d','陈钢','2016-12-30 11:52:38'),
('da767344-67f5-4e01-8193-720486e27f9e','4','用户注销','陈钢在2017-01-03 09:44:32操作了用户注销功能','9b70e448-58e7-4a46-ac83-c408d835643d','陈钢','2017-01-03 09:44:32'),
('daad0eec-650b-4762-81b5-9261d7537268','6','用户修改','陈钢在2017-01-03 14:44:32操作了用户修改功能','9b70e448-58e7-4a46-ac83-c408d835643d','陈钢','2017-01-03 14:44:32'),
('dcc380f4-2110-4e36-bff9-4208c818106c','4','用户注销','陈钢在2017-01-03 11:03:09操作了用户注销功能','9b70e448-58e7-4a46-ac83-c408d835643d','陈钢','2017-01-03 11:03:09'),
('de022cfd-b35b-4763-86fa-a628ce98d119','4','用户注销','陈钢在2017-01-03 09:47:28操作了用户注销功能','9b70e448-58e7-4a46-ac83-c408d835643d','陈钢','2017-01-03 09:47:28'),
('df573856-6d6f-4649-9077-ca8dc8b41082','7','机构删除','陈钢在2016-12-23 15:40:34操作了机构删除功能','9b70e448-58e7-4a46-ac83-c408d835643d','陈钢','2016-12-23 15:40:34'),
('e0cb34fe-83af-4af8-abe5-34fb8cd6200b','7','机构删除','陈钢在2016-12-30 11:53:03操作了机构删除功能','9b70e448-58e7-4a46-ac83-c408d835643d','陈钢','2016-12-30 11:53:03'),
('e1f6e309-7aeb-4221-9424-b938c87f4289','1','用户登录','陈钢在2016-08-24 11:29:30操作了用户登录功能','9b70e448-58e7-4a46-ac83-c408d835643d','陈钢','2016-08-24 11:29:30'),
('e2a9035a-fb8f-4098-bf1d-39ea1531c68d','4','用户注销','陈钢在2017-01-03 10:10:38操作了用户注销功能','9b70e448-58e7-4a46-ac83-c408d835643d','陈钢','2017-01-03 10:10:38'),
('e89b5875-3b58-4df0-9598-ed1ce7fdf168','7','数据字典删除','陈钢在2016-08-30 11:31:12操作了数据字典删除功能','9b70e448-58e7-4a46-ac83-c408d835643d','陈钢','2016-08-30 11:31:12'),
('ec0813db-ab0d-4647-a413-20e06da4f51c','6','地区修改','陈钢在2017-01-02 21:48:39操作了地区修改功能','9b70e448-58e7-4a46-ac83-c408d835643d','陈钢','2017-01-02 21:48:39'),
('ec936432-f593-4b19-b9fa-77aa072ebd3f','6','地区修改','陈钢在2017-01-02 21:50:09操作了地区修改功能','9b70e448-58e7-4a46-ac83-c408d835643d','陈钢','2017-01-02 21:50:09'),
('ecd81982-d870-4497-9781-3b3260f34b98','5','数据字典添加','陈钢在2017-01-03 16:35:04操作了数据字典添加功能','9b70e448-58e7-4a46-ac83-c408d835643d','陈钢','2017-01-03 16:35:04'),
('ee7021bb-3ce5-43fe-ba32-880734d01bf4','5','地区添加','陈钢在2017-01-02 21:42:11操作了地区添加功能','9b70e448-58e7-4a46-ac83-c408d835643d','陈钢','2017-01-02 21:42:11'),
('f690694e-9a06-4f62-82c7-e44a15e15f31','4','用户注销','陈钢在2017-01-03 10:28:31操作了用户注销功能','9b70e448-58e7-4a46-ac83-c408d835643d','陈钢','2017-01-03 10:28:31'),
('f93b58b5-808d-4fe4-82ef-0fe141178702','6','用户修改','陈钢在2017-01-03 14:46:14操作了用户修改功能','9b70e448-58e7-4a46-ac83-c408d835643d','陈钢','2017-01-03 14:46:14');

/*Table structure for table `sys_menu` */

DROP TABLE IF EXISTS `sys_menu`;

CREATE TABLE `sys_menu` (
  `id` varchar(64) NOT NULL COMMENT '编号',
  `parent_id` varchar(64) NOT NULL COMMENT '父级编号',
  `parent_ids` varchar(2000) NOT NULL COMMENT '所有父级编号',
  `name` varchar(100) NOT NULL COMMENT '名称',
  `sort` double NOT NULL COMMENT '排序',
  `href` varchar(2000) DEFAULT NULL COMMENT '链接',
  `target` varchar(20) DEFAULT NULL COMMENT '目标（mainFrame、 _blank、_self、_parent、_top）',
  `icon` varchar(100) DEFAULT NULL COMMENT '图标',
  `is_show` char(1) NOT NULL COMMENT '是否在菜单中显示（1：显示；0：不显示）',
  `permission` varchar(200) DEFAULT NULL COMMENT '权限标识',
  `create_by` varchar(64) NOT NULL COMMENT '创建者',
  `create_date` datetime NOT NULL COMMENT '创建时间',
  `update_by` varchar(64) NOT NULL COMMENT '更新者',
  `update_date` datetime NOT NULL COMMENT '更新时间',
  `remarks` varchar(255) DEFAULT NULL COMMENT '备注信息',
  `del_flag` char(1) NOT NULL DEFAULT '0' COMMENT '删除标记（0：正常；1：删除）',
  PRIMARY KEY (`id`)
) ENGINE=InnoDB DEFAULT CHARSET=utf8 COMMENT='菜单表';

/*Data for the table `sys_menu` */

insert  into `sys_menu`(`id`,`parent_id`,`parent_ids`,`name`,`sort`,`href`,`target`,`icon`,`is_show`,`permission`,`create_by`,`create_date`,`update_by`,`update_date`,`remarks`,`del_flag`) values 
('1bfa4ce1-6d18-47df-b8d0-50edb0087f52','c2ed7881-76e3-44d4-ab1d-c3a942dc306a','c2ed7881-76e3-44d4-ab1d-c3a942dc306a|1bfa4ce1-6d18-47df-b8d0-50edb0087f52','机构信息维护',2.601,'/office/addofficeinfo',NULL,NULL,'1','office:addofficeinfo','9b70e448-58e7-4a46-ac83-c408d835643d','2017-01-04 09:58:00','9b70e448-58e7-4a46-ac83-c408d835643d','2017-01-04 09:58:00','机构信息维护','0'),
('2ce26f7d-2813-4ee0-8c6f-46ab66fcd34e','be58f3a0-6065-4086-8b5e-abf41a7151cd','be58f3a0-6065-4086-8b5e-abf41a7151cd','密码修改',1.2,'/user/addpass',NULL,NULL,'1','user:addpass','9b70e448-58e7-4a46-ac83-c408d835643d','0000-00-00 00:00:00','9b70e448-58e7-4a46-ac83-c408d835643d','2016-08-30 11:18:36',NULL,'0'),
('32fb3800-8354-4473-baf2-257747715db1','','','系统管理',2,'#',NULL,NULL,'1','sys','9b70e448-58e7-4a46-ac83-c408d835643d','2016-07-07 08:45:40','9b70e448-58e7-4a46-ac83-c408d835643d','2016-08-30 11:19:09',NULL,'0'),
('32fb3800-8354-4473-baf2-25774771qwb1','32fb3800-8354-4473-baf2-257747715db1','32fb3800-8354-4473-baf2-257747715db1|','数据字典管理',2.5,'/dict/add',NULL,NULL,'1','dict:add','9b70e448-58e7-4a46-ac83-c408d835643d','2016-06-07 11:28:36','9b70e448-58e7-4a46-ac83-c408d835643d','2016-08-30 11:20:32',NULL,'0'),
('36b2cd4b-c3c7-49cb-8cf7-2e83d19a5c1d','badcdb66-9d0d-49c4-93bd-98d133db4513','32fb3800-8354-4473-baf2-257747715db1|36b2cd4b-c3c7-49cb-8cf7-2e83d19a5c1d','菜单信息维护',2.31,'/menu/addmenuinfo',NULL,NULL,'1','menu:addmenuinfo','9b70e448-58e7-4a46-ac83-c408d835643d','2017-01-03 17:42:48','9b70e448-58e7-4a46-ac83-c408d835643d','2017-01-04 09:20:11','菜单信息维护','0'),
('4ac0c3cd-62e7-4a3e-a0e0-78b1f2e0bde3','32fb3800-8354-4473-baf2-257747715db1','','用户管理',2.4,'/user/add',NULL,NULL,'1','user:add','9b70e448-58e7-4a46-ac83-c408d835643d','0000-00-00 00:00:00','9b70e448-58e7-4a46-ac83-c408d835643d','2016-08-30 11:20:23',NULL,'0'),
('581d73ab-4a84-4c56-a08d-aeb211524834','32fb3800-8354-4473-baf2-25774771qwb1','32fb3800-8354-4473-baf2-25774771qwb1|581d73ab-4a84-4c56-a08d-aeb211524834','数据字典信息维护',2.501,'/dict/adddictinfo',NULL,NULL,'1','dict:adddictinfo','9b70e448-58e7-4a46-ac83-c408d835643d','2017-01-04 10:02:56','9b70e448-58e7-4a46-ac83-c408d835643d','2017-01-04 10:02:56','数据字典信息维护','0'),
('5d1f8ad1-547f-4bdb-8cbc-3d17139cbfbc','4ac0c3cd-62e7-4a3e-a0e0-78b1f2e0bde3','4ac0c3cd-62e7-4a3e-a0e0-78b1f2e0bde3|5d1f8ad1-547f-4bdb-8cbc-3d17139cbfbc','用户信息管理',2.401,'/user/adduserinfo',NULL,NULL,'1','user:adduserinfo','9b70e448-58e7-4a46-ac83-c408d835643d','2017-01-04 10:03:50','9b70e448-58e7-4a46-ac83-c408d835643d','2017-01-04 10:03:50','用户信息管理','0'),
('6d6ce90b-1030-4e19-9a3e-85dddc63ce80','32fb3800-8354-4473-baf2-257747715db1','32fb3800-8354-4473-baf2-257747715db1|','角色管理',2.1,'/role/add',NULL,NULL,'1','role:add','9b70e448-58e7-4a46-ac83-c408d835643d','0000-00-00 00:00:00','9b70e448-58e7-4a46-ac83-c408d835643d','2016-08-30 11:19:29',NULL,'0'),
('a1f56cee-bb70-49d5-a0d6-285e3a43d0f9','be58f3a0-6065-4086-8b5e-abf41a7151cd','f766bb48-1396-41e5-b137-fe24a2bf8d6b|a1f56cee-bb70-49d5-a0d6-285e3a43d0f9','邮件发送',1.31,'/file/addmailinfo',NULL,NULL,'1','file:addmailinfo','9b70e448-58e7-4a46-ac83-c408d835643d','2016-07-06 18:11:38','9b70e448-58e7-4a46-ac83-c408d835643d','2016-08-30 11:19:00','邮件发送','0'),
('badcdb66-9d0d-49c4-93bd-98d133db4513','32fb3800-8354-4473-baf2-257747715db1','32fb3800-8354-4473-baf2-257747715db1|','菜单管理',2.3,'/menu/add',NULL,NULL,'1','menu:add','9b70e448-58e7-4a46-ac83-c408d835643d','0000-00-00 00:00:00','9b70e448-58e7-4a46-ac83-c408d835643d','2016-08-30 11:20:04',NULL,'0'),
('be58f3a0-6065-4086-8b5e-abf41a7151cd','','','我的面板',1,'#',NULL,NULL,'1','myface','9b70e448-58e7-4a46-ac83-c408d835643d','0000-00-00 00:00:00','9b70e448-58e7-4a46-ac83-c408d835643d','2016-08-30 11:19:15',NULL,'0'),
('c2ed7881-76e3-44d4-ab1d-c3a942dc306a','32fb3800-8354-4473-baf2-257747715db1','32fb3800-8354-4473-baf2-257747715db1|','组织机构管理',2.6,'/office/add',NULL,NULL,'1','office:add','9b70e448-58e7-4a46-ac83-c408d835643d','2016-06-07 11:28:36','9b70e448-58e7-4a46-ac83-c408d835643d','2016-08-30 11:20:40',NULL,'0'),
('caa32364-c4fd-4b5a-9d46-4ee6dd28a66e','6d6ce90b-1030-4e19-9a3e-85dddc63ce80','32fb3800-8354-4473-baf2-257747715db1|6d6ce90b-1030-4e19-9a3e-85dddc63ce80|','角色添加',2.11,'/role/addroleinfo',NULL,NULL,'1','role:addroleinfo','9b70e448-58e7-4a46-ac83-c408d835643d','0000-00-00 00:00:00','9b70e448-58e7-4a46-ac83-c408d835643d','2016-08-30 11:19:47',NULL,'0'),
('d09ae28e-61e0-4835-a431-ddf2198b878e','e9ed4a79-0291-4ff9-8594-52bed769ac39','e9ed4a79-0291-4ff9-8594-52bed769ac39|d09ae28e-61e0-4835-a431-ddf2198b878e','地区信息维护',2.201,'/area/addareainfo',NULL,NULL,'1','area:addareainfo','9b70e448-58e7-4a46-ac83-c408d835643d','2017-01-04 10:04:53','9b70e448-58e7-4a46-ac83-c408d835643d','2017-01-04 10:05:10','地区信息维护','0'),
('dbc26b0f-f865-410a-9f31-181eb481dc21','32fb3800-8354-4473-baf2-257747715db1','32fb3800-8354-4473-baf2-257747715db1|','日志管理',2.7,'/log/add',NULL,NULL,'1','log:add','9b70e448-58e7-4a46-ac83-c408d835643d','2016-06-30 17:58:27','9b70e448-58e7-4a46-ac83-c408d835643d','2016-08-30 11:28:55',NULL,'0'),
('e9ed4a79-0291-4ff9-8594-52bed769ac39','32fb3800-8354-4473-baf2-257747715db1','32fb3800-8354-4473-baf2-257747715db1|','地区管理',2.2,'/area/add',NULL,NULL,'1','area:add','9b70e448-58e7-4a46-ac83-c408d835643d','0000-00-00 00:00:00','9b70e448-58e7-4a46-ac83-c408d835643d','2016-08-30 11:19:56',NULL,'0'),
('f766bb48-1396-41e5-b137-fe24a2bf8d6b','be58f3a0-6065-4086-8b5e-abf41a7151cd','be58f3a0-6065-4086-8b5e-abf41a7151cd|f766bb48-1396-41e5-b137-fe24a2bf8d6b','文件管理',1.3,'/file/add',NULL,NULL,'1','file:add','9b70e448-58e7-4a46-ac83-c408d835643d','0000-00-00 00:00:00','9b70e448-58e7-4a46-ac83-c408d835643d','2016-08-30 11:18:45',NULL,'0'),
('fe2aa5d7-8563-4b28-8422-7b48050b558f','be58f3a0-6065-4086-8b5e-abf41a7151cd','be58f3a0-6065-4086-8b5e-abf41a7151cd|','我的信息',1.1,'/user/addInfo',NULL,NULL,'1','user:adding','9b70e448-58e7-4a46-ac83-c408d835643d','2016-07-11 09:28:39','9b70e448-58e7-4a46-ac83-c408d835643d','2016-08-30 11:18:14',NULL,'0');

/*Table structure for table `sys_office` */

DROP TABLE IF EXISTS `sys_office`;

CREATE TABLE `sys_office` (
  `id` varchar(64) NOT NULL COMMENT '编号',
  `parent_id` varchar(64) NOT NULL COMMENT '父级编号',
  `parent_ids` varchar(2000) NOT NULL COMMENT '所有父级编号',
  `name` varchar(100) NOT NULL COMMENT '名称',
  `sort` double NOT NULL COMMENT '排序',
  `area_id` varchar(64) NOT NULL COMMENT '归属区域',
  `code` varchar(100) DEFAULT NULL COMMENT '区域编码',
  `type` char(1) NOT NULL DEFAULT '' COMMENT '机构类型（1：机构；2：岗位；3：虚拟组）',
  `grade` char(1) NOT NULL COMMENT '机构等级（1：一级；2：二级；3：三级；4：四级）',
  `address` varchar(255) DEFAULT NULL COMMENT '联系地址',
  `zip_code` varchar(100) DEFAULT NULL COMMENT '邮政编码',
  `master` varchar(100) DEFAULT NULL COMMENT '负责人',
  `phone` varchar(200) DEFAULT NULL COMMENT '电话',
  `fax` varchar(200) DEFAULT NULL COMMENT '传真',
  `email` varchar(200) DEFAULT NULL COMMENT '邮箱',
  `USEABLE` varchar(64) DEFAULT NULL,
  `PRIMARY_PERSON` varchar(64) DEFAULT NULL,
  `DEPUTY_PERSON` varchar(64) DEFAULT NULL,
  `create_by` varchar(64) NOT NULL COMMENT '创建者',
  `create_date` datetime NOT NULL COMMENT '创建时间',
  `update_by` varchar(64) NOT NULL COMMENT '更新者',
  `update_date` datetime NOT NULL COMMENT '更新时间',
  `remarks` varchar(255) DEFAULT NULL COMMENT '备注信息',
  `del_flag` char(1) NOT NULL DEFAULT '0' COMMENT '删除标记（0：正常；1：删除）',
  PRIMARY KEY (`id`),
  KEY `area_id` (`area_id`),
  CONSTRAINT `sys_office_ibfk_1` FOREIGN KEY (`area_id`) REFERENCES `sys_area` (`id`) ON DELETE NO ACTION ON UPDATE NO ACTION
) ENGINE=InnoDB DEFAULT CHARSET=utf8 COMMENT='部门表';

/*Data for the table `sys_office` */

insert  into `sys_office`(`id`,`parent_id`,`parent_ids`,`name`,`sort`,`area_id`,`code`,`type`,`grade`,`address`,`zip_code`,`master`,`phone`,`fax`,`email`,`USEABLE`,`PRIMARY_PERSON`,`DEPUTY_PERSON`,`create_by`,`create_date`,`update_by`,`update_date`,`remarks`,`del_flag`) values 
('03ea5abf-3a1e-45db-af00-216a07e6404c','9324dac8-a51b-4f35-8d7c-4b7787db3d89','9324dac8-a51b-4f35-8d7c-4b7787db3d89','回民区',1.1,'a326f968-1277-41b8-9c6d-0a4e89723bda','11000','1','2','回民区',NULL,'123',NULL,NULL,NULL,'1',NULL,NULL,'9b70e448-58e7-4a46-ac83-c408d835643d','2016-06-01 23:00:00','9b70e448-58e7-4a46-ac83-c408d835643d','2016-08-01 16:01:43',NULL,'0'),
('07a54bac-a9d6-412b-a029-ca2f223efc3d','','|07a54bac-a9d6-412b-a029-ca2f223efc3d','日志',3,'b6088cbc-f620-4cc8-8695-8c82a2cbab84','111112rrr','1','0',NULL,NULL,'测试','111',NULL,NULL,NULL,NULL,NULL,'9b70e448-58e7-4a46-ac83-c408d835643d','2016-07-25 10:14:04','9b70e448-58e7-4a46-ac83-c408d835643d','2016-07-25 10:14:23',NULL,'1'),
('13b64a68-3a9d-4949-9f98-e5240bef83a4','03ea5abf-3a1e-45db-af00-216a07e6404c','03ea5abf-3a1e-45db-af00-216a07e6404c|13b64a68-3a9d-4949-9f98-e5240bef83a4','调查组',1.14,'a326f968-1277-41b8-9c6d-0a4e89723bda','19099992','1','0',NULL,NULL,'1111',NULL,NULL,NULL,NULL,NULL,NULL,'9b70e448-58e7-4a46-ac83-c408d835643d','2016-06-28 09:43:29','9b70e448-58e7-4a46-ac83-c408d835643d','2016-08-01 16:03:31',NULL,'1'),
('195ec520-8cdb-4ffe-ad65-d404ce594296','','|195ec520-8cdb-4ffe-ad65-d404ce594296','包头',2,'a326f968-1277-41b8-9c6d-0a4e89723bda','10000','2','0',NULL,NULL,'王三平','15034942952',NULL,'15034942952@139.com',NULL,NULL,NULL,'9b70e448-58e7-4a46-ac83-c408d835643d','2016-06-27 15:44:40','9b70e448-58e7-4a46-ac83-c408d835643d','2016-08-03 09:01:53','15034942952@139.com','0'),
('22ab6d38-7fde-42a1-943a-13a820de3062','','9324dac8-a51b-4f35-8d7c-4b7787db3d89','回中',1.11,'a326f968-1277-41b8-9c6d-0a4e89723bda','11100','2','3','回中',NULL,'zxc',NULL,NULL,NULL,NULL,NULL,NULL,'9b70e448-58e7-4a46-ac83-c408d835643d','2016-06-01 23:00:00','9b70e448-58e7-4a46-ac83-c408d835643d','2016-08-01 15:53:52',NULL,'0'),
('256b1c80-348f-4eb3-95aa-7133bf0433ef','d8f671d2-ec1e-41b6-9af4-8687b3d09279','d8f671d2-ec1e-41b6-9af4-8687b3d09279|256b1c80-348f-4eb3-95aa-7133bf0433ef','测试',20.01,'d04cad96-216f-4592-990c-eef64725a939','111111','2','0',NULL,NULL,'得到',NULL,NULL,NULL,NULL,NULL,NULL,'9b70e448-58e7-4a46-ac83-c408d835643d','2016-07-30 15:23:49','9b70e448-58e7-4a46-ac83-c408d835643d','2016-07-30 15:23:49',NULL,'1'),
('2867b872-5cb6-49f7-9873-72f029674152','','03ea5abf-3a1e-45db-af00-216a07e6404c|2867b872-5cb6-49f7-9873-72f029674152','32中',1.13,'a326f968-1277-41b8-9c6d-0a4e89723bda','32333','2','0',NULL,NULL,'1234',NULL,NULL,NULL,NULL,NULL,NULL,'9b70e448-58e7-4a46-ac83-c408d835643d','2016-06-28 09:40:12','9b70e448-58e7-4a46-ac83-c408d835643d','2016-08-01 16:02:38',NULL,'1'),
('2ded19c3-6bc1-4dc1-9f5d-5950d73a252b','9324dac8-a51b-4f35-8d7c-4b7787db3d89','9324dac8-a51b-4f35-8d7c-4b7787db3d89|2ded19c3-6bc1-4dc1-9f5d-5950d73a252b','赛罕区',1.4,'a326f968-1277-41b8-9c6d-0a4e89723bda','13400','1','0',NULL,NULL,'李逵','1890990909',NULL,'1890990909@189.com',NULL,NULL,NULL,'9b70e448-58e7-4a46-ac83-c408d835643d','2016-06-27 16:18:37','9b70e448-58e7-4a46-ac83-c408d835643d','2016-06-27 16:18:37','1890990909@189.com','1'),
('2e8075a4-6441-41f4-9383-8d7826a1dc64','9324dac8-a51b-4f35-8d7c-4b7787db3d89','9324dac8-a51b-4f35-8d7c-4b7787db3d89','新城区',1.3,'a326f968-1277-41b8-9c6d-0a4e89723bda','13000','1','2','新城区',NULL,NULL,NULL,NULL,NULL,NULL,NULL,NULL,'9b70e448-58e7-4a46-ac83-c408d835643d','2016-06-01 23:00:00','9b70e448-58e7-4a46-ac83-c408d835643d','2016-06-01 23:00:00',NULL,'1'),
('33b4c27a-0110-4d5d-a1a9-ad8857548014','','9324dac8-a51b-4f35-8d7c-4b7787db3d89|33b4c27a-0110-4d5d-a1a9-ad8857548014','调查组',1.5,'a326f968-1277-41b8-9c6d-0a4e89723bda','1909999','1','0','调查组',NULL,'调查组','调查组',NULL,'调查组',NULL,NULL,NULL,'9b70e448-58e7-4a46-ac83-c408d835643d','2016-06-28 09:31:55','9b70e448-58e7-4a46-ac83-c408d835643d','2016-07-30 15:24:36','调查组','0'),
('3445c70e-6c34-439c-a651-dd535447906e','','|3445c70e-6c34-439c-a651-dd535447906e','66666',8,'','6666','1','0',NULL,NULL,NULL,NULL,NULL,NULL,NULL,NULL,NULL,'9b70e448-58e7-4a46-ac83-c408d835643d','2016-12-30 11:52:53','9b70e448-58e7-4a46-ac83-c408d835643d','2016-12-30 11:52:53',' ','1'),
('4d9205fa-61fc-4d31-92dd-6cac19f1f8cc','','|4d9205fa-61fc-4d31-92dd-6cac19f1f8cc','333',5,'bc0bb1dd-9209-485c-9861-252bb51d555c','1111','1','0',NULL,NULL,NULL,NULL,NULL,NULL,NULL,NULL,NULL,'9b70e448-58e7-4a46-ac83-c408d835643d','2016-12-30 11:52:18','9b70e448-58e7-4a46-ac83-c408d835643d','2016-12-30 11:52:18',' ','1'),
('5394639d-cf9e-45a0-905c-ce8c156f8688','','|5394639d-cf9e-45a0-905c-ce8c156f8688','66666',7,'','6666','1','0',NULL,NULL,NULL,NULL,NULL,NULL,NULL,NULL,NULL,'9b70e448-58e7-4a46-ac83-c408d835643d','2016-12-30 11:52:53','9b70e448-58e7-4a46-ac83-c408d835643d','2016-12-30 11:52:53',' ','1'),
('623c486d-589d-4686-a5e6-9dfc0b22d644','13b64a68-3a9d-4949-9f98-e5240bef83a4','13b64a68-3a9d-4949-9f98-e5240bef83a4|623c486d-589d-4686-a5e6-9dfc0b22d644','科长',1.141,'a326f968-1277-41b8-9c6d-0a4e89723bda','32333','3','0',NULL,NULL,'科长',NULL,NULL,NULL,NULL,NULL,NULL,'9b70e448-58e7-4a46-ac83-c408d835643d','2016-06-28 09:49:00','9b70e448-58e7-4a46-ac83-c408d835643d','2016-06-28 09:48:34',NULL,'1'),
('9324dac8-a51b-4f35-8d7c-4b7787db3d89','','','呼和浩特市',1,'a326f968-1277-41b8-9c6d-0a4e89723bda','10000','3','1','呼和浩特市',NULL,NULL,NULL,NULL,NULL,'1',NULL,NULL,'9b70e448-58e7-4a46-ac83-c408d835643d','2016-06-01 23:00:00','9b70e448-58e7-4a46-ac83-c408d835643d','2016-06-27 17:32:17',NULL,'0'),
('c00b7a2f-2190-4202-881a-86e679107ef3','','|c00b7a2f-2190-4202-881a-86e679107ef3','666',9,'','666','1','0',NULL,NULL,NULL,NULL,NULL,NULL,NULL,NULL,NULL,'9b70e448-58e7-4a46-ac83-c408d835643d','2016-12-30 15:13:18','9b70e448-58e7-4a46-ac83-c408d835643d','2016-12-30 15:13:52',' ','1'),
('d23f53fa-017d-4a19-a6b2-aac215e3d707','','|d23f53fa-017d-4a19-a6b2-aac215e3d707','333',6,'','1111','1','0',NULL,NULL,NULL,NULL,NULL,NULL,NULL,NULL,NULL,'9b70e448-58e7-4a46-ac83-c408d835643d','2016-12-30 11:52:19','9b70e448-58e7-4a46-ac83-c408d835643d','2016-12-30 11:52:19',' ','1'),
('d3a925b5-14bb-4c4d-add9-5dbbf2c2ba71','','|d3a925b5-14bb-4c4d-add9-5dbbf2c2ba71','1',4,'','11','3','0',NULL,NULL,'11',NULL,NULL,NULL,NULL,NULL,NULL,'9b70e448-58e7-4a46-ac83-c408d835643d','2016-08-24 11:17:43','9b70e448-58e7-4a46-ac83-c408d835643d','2016-08-24 11:17:43',NULL,'1'),
('dc71dd6e-1d51-40ff-8f49-cf12dec92304','2867b872-5cb6-49f7-9873-72f029674152','2867b872-5cb6-49f7-9873-72f029674152|dc71dd6e-1d51-40ff-8f49-cf12dec92304','产品部门',1.131,'a326f968-1277-41b8-9c6d-0a4e89723bda','9088','3','0',NULL,NULL,'产品部门',NULL,NULL,NULL,NULL,NULL,NULL,'9b70e448-58e7-4a46-ac83-c408d835643d','2016-07-06 11:14:04','9b70e448-58e7-4a46-ac83-c408d835643d','2016-07-06 11:14:04',NULL,'1'),
('f43ae468-a3a5-4850-ab9c-f0d024a23996','9324dac8-a51b-4f35-8d7c-4b7787db3d89','9324dac8-a51b-4f35-8d7c-4b7787db3d89','玉泉区',1.2,'a326f968-1277-41b8-9c6d-0a4e89723bda','12000','1','2','玉泉区',NULL,NULL,NULL,NULL,NULL,'1',NULL,NULL,'9b70e448-58e7-4a46-ac83-c408d835643d','2016-06-01 23:00:00','9b70e448-58e7-4a46-ac83-c408d835643d','2016-06-01 23:00:00',NULL,'1');

/*Table structure for table `sys_office_user` */

DROP TABLE IF EXISTS `sys_office_user`;

CREATE TABLE `sys_office_user` (
  `user_id` varchar(64) NOT NULL COMMENT '编号',
  `office_id` varchar(64) NOT NULL COMMENT '编号',
  PRIMARY KEY (`user_id`,`office_id`),
  KEY `office_id` (`office_id`),
  CONSTRAINT `sys_office_user_ibfk_1` FOREIGN KEY (`office_id`) REFERENCES `sys_office` (`id`) ON DELETE NO ACTION ON UPDATE NO ACTION,
  CONSTRAINT `sys_office_user_ibfk_2` FOREIGN KEY (`user_id`) REFERENCES `sys_user` (`id`) ON DELETE NO ACTION ON UPDATE NO ACTION
) ENGINE=InnoDB DEFAULT CHARSET=utf8;

/*Data for the table `sys_office_user` */

insert  into `sys_office_user`(`user_id`,`office_id`) values 
('4553123d-8ce8-4bbe-b045-72faff612d22','017fe8f5-97ec-40e3-ad75-6829336ad71a'),
('4553123d-8ce8-4bbe-b045-72faff612d22','33b4c27a-0110-4d5d-a1a9-ad8857548014'),
('4553123d-8ce8-4bbe-b045-72faff612d22','89f47eae-cc47-43b9-8b7d-9cf574983dbe');

/*Table structure for table `sys_right` */

DROP TABLE IF EXISTS `sys_right`;

CREATE TABLE `sys_right` (
  `id` varchar(64) NOT NULL,
  `resourcesid` varchar(64) DEFAULT NULL,
  `resourcestype` int(11) DEFAULT '0' COMMENT '1.菜单 2表视图功能 3 文件夹',
  `create_by` varchar(64) NOT NULL COMMENT '创建者',
  `create_date` datetime NOT NULL COMMENT '创建时间',
  `update_by` varchar(64) NOT NULL COMMENT '更新者',
  `update_date` datetime NOT NULL COMMENT '更新时间',
  `remarks` varchar(255) DEFAULT NULL COMMENT '备注信息',
  `del_flag` char(1) NOT NULL DEFAULT '0' COMMENT '删除标记（0：正常；1：删除）',
  `resourcesname` varchar(100) NOT NULL DEFAULT '',
  `permission` varchar(64) DEFAULT NULL COMMENT '权限标识',
  PRIMARY KEY (`id`)
) ENGINE=InnoDB DEFAULT CHARSET=utf8 COMMENT='角色-菜单 sys_role_menu_file';

/*Data for the table `sys_right` */

insert  into `sys_right`(`id`,`resourcesid`,`resourcestype`,`create_by`,`create_date`,`update_by`,`update_date`,`remarks`,`del_flag`,`resourcesname`,`permission`) values 
('0175a43c-9e91-4cd8-83cc-d1d0200f317b','caa32364-c4fd-4b5a-9d46-4ee6dd28a66e',1,'9b70e448-58e7-4a46-ac83-c408d835643d','2016-01-01 00:00:00','9b70e448-58e7-4a46-ac83-c408d835643d','2017-01-04 10:05:16','','0','角色添加','role:addroleinfo'),
('1d7eeac1-78cb-428b-8d7a-1f8f4f16837a','6d6ce90b-1030-4e19-9a3e-85dddc63ce80',1,'9b70e448-58e7-4a46-ac83-c408d835643d','2016-01-01 00:00:00','9b70e448-58e7-4a46-ac83-c408d835643d','2017-01-04 10:05:16','','0','角色管理','role:add'),
('20e2f1f9-6635-4701-a7fb-228c97e40832','a1f56cee-bb70-49d5-a0d6-285e3a43d0f9',1,'9b70e448-58e7-4a46-ac83-c408d835643d','2016-07-06 18:11:43','9b70e448-58e7-4a46-ac83-c408d835643d','2017-01-04 10:05:16',NULL,'0','邮件发送','file:addmailinfo'),
('52c2c31b-75e1-411a-9bde-842a437832dd','5d1f8ad1-547f-4bdb-8cbc-3d17139cbfbc',1,'9b70e448-58e7-4a46-ac83-c408d835643d','2017-01-04 10:05:16','9b70e448-58e7-4a46-ac83-c408d835643d','2017-01-04 10:05:16',NULL,'0','用户信息管理','user:adduserinfo'),
('56d2cdfc-63fe-411b-aedd-c92c08348dc2','c2ed7881-76e3-44d4-ab1d-c3a942dc306a',1,'9b70e448-58e7-4a46-ac83-c408d835643d','2016-01-01 00:00:00','9b70e448-58e7-4a46-ac83-c408d835643d','2017-01-04 10:05:16','','0','组织机构管理','office:add'),
('68ae38bb-0455-4747-8365-05dc86043013','1bfa4ce1-6d18-47df-b8d0-50edb0087f52',1,'9b70e448-58e7-4a46-ac83-c408d835643d','2017-01-04 10:05:16','9b70e448-58e7-4a46-ac83-c408d835643d','2017-01-04 10:05:16',NULL,'0','机构信息维护','office:addofficeinfo'),
('69b8f436-ac77-414f-8210-1e4a9277cb85','e9ed4a79-0291-4ff9-8594-52bed769ac39',1,'9b70e448-58e7-4a46-ac83-c408d835643d','2016-01-01 00:00:00','9b70e448-58e7-4a46-ac83-c408d835643d','2017-01-04 10:05:16','','0','地区管理','area:add'),
('6e0e9028-4e38-40d1-8c5b-1e7a76fd3945','4ac0c3cd-62e7-4a3e-a0e0-78b1f2e0bde3',1,'9b70e448-58e7-4a46-ac83-c408d835643d','2016-01-01 00:00:00','9b70e448-58e7-4a46-ac83-c408d835643d','2017-01-04 10:05:16','','0','用户管理','user:add'),
('7b8822fa-397f-4fb6-9d72-f2d7671405b9','d09ae28e-61e0-4835-a431-ddf2198b878e',1,'9b70e448-58e7-4a46-ac83-c408d835643d','2017-01-04 10:05:16','9b70e448-58e7-4a46-ac83-c408d835643d','2017-01-04 10:05:16',NULL,'0','地区信息维护','area:addareainfo'),
('80be0a73-b56e-47b4-90da-1fe11dffe58f','fe2aa5d7-8563-4b28-8422-7b48050b558f',1,'9b70e448-58e7-4a46-ac83-c408d835643d','2016-01-01 00:00:00','9b70e448-58e7-4a46-ac83-c408d835643d','2017-01-04 10:05:16','','0','我的信息','user:adding'),
('80ca1ae9-b020-4314-a5bd-631ad5ef683e','32fb3800-8354-4473-baf2-25774771qwb1',1,'9b70e448-58e7-4a46-ac83-c408d835643d','2016-01-01 00:00:00','9b70e448-58e7-4a46-ac83-c408d835643d','2017-01-04 10:05:16','','0','数据字典管理','dict:add'),
('aa5a583b-aa08-4c66-98b5-2dcae4e5b37f','36b2cd4b-c3c7-49cb-8cf7-2e83d19a5c1d',1,'9b70e448-58e7-4a46-ac83-c408d835643d','2017-01-03 17:43:23','9b70e448-58e7-4a46-ac83-c408d835643d','2017-01-04 10:05:16',NULL,'0','菜单信息维护','menu:addmenuinfo'),
('ad7c3833-f900-4751-ac2b-38df9119e465','be58f3a0-6065-4086-8b5e-abf41a7151cd',1,'9b70e448-58e7-4a46-ac83-c408d835643d','2016-01-01 00:00:00','9b70e448-58e7-4a46-ac83-c408d835643d','2017-01-04 10:05:15','','0','我的面板','myface'),
('bae5dab5-153a-4dfb-93a2-80c830e088c8','2ce26f7d-2813-4ee0-8c6f-46ab66fcd34e',1,'9b70e448-58e7-4a46-ac83-c408d835643d','2016-01-01 00:00:00','9b70e448-58e7-4a46-ac83-c408d835643d','2017-01-04 10:05:16','','0','密码修改','user:addpass'),
('be22d3b6-ecb9-4ad4-bdab-a419206d020a','f766bb48-1396-41e5-b137-fe24a2bf8d6b',1,'9b70e448-58e7-4a46-ac83-c408d835643d','2016-01-01 00:00:00','9b70e448-58e7-4a46-ac83-c408d835643d','2017-01-04 10:05:16',NULL,'0','文件管理','file:add'),
('c20145e5-39cb-469f-bb9f-0d1c499fcf1f','32fb3800-8354-4473-baf2-257747715db1',1,'9b70e448-58e7-4a46-ac83-c408d835643d','2016-01-01 00:00:00','9b70e448-58e7-4a46-ac83-c408d835643d','2017-01-04 10:05:16','','0','系统管理','sys'),
('c69907e4-2f3d-44c6-9c23-3f1706eb009f','581d73ab-4a84-4c56-a08d-aeb211524834',1,'9b70e448-58e7-4a46-ac83-c408d835643d','2017-01-04 10:05:16','9b70e448-58e7-4a46-ac83-c408d835643d','2017-01-04 10:05:16',NULL,'0','数据字典信息维护','dict:adddictinfo'),
('d79b1179-265d-4f24-b50a-854b5f67902c','badcdb66-9d0d-49c4-93bd-98d133db4513',1,'9b70e448-58e7-4a46-ac83-c408d835643d','2016-01-01 00:00:00','9b70e448-58e7-4a46-ac83-c408d835643d','2017-01-04 10:05:16','','0','菜单管理','menu:add'),
('ebfa1e07-4cb9-4e92-9ce7-1453f4223163','dbc26b0f-f865-410a-9f31-181eb481dc21',1,'9b70e448-58e7-4a46-ac83-c408d835643d','2016-06-30 18:00:26','9b70e448-58e7-4a46-ac83-c408d835643d','2017-01-04 10:05:16',NULL,'0','日志管理','log:add');

/*Table structure for table `sys_role` */

DROP TABLE IF EXISTS `sys_role`;

CREATE TABLE `sys_role` (
  `id` varchar(64) NOT NULL COMMENT '编号',
  `office_id` varchar(64) DEFAULT NULL COMMENT '归属机构',
  `name` varchar(100) NOT NULL COMMENT '角色名称',
  `enname` varchar(255) DEFAULT NULL COMMENT '英文名称',
  `role_type` varchar(255) DEFAULT NULL COMMENT '角色类型',
  `data_scope` char(1) DEFAULT NULL COMMENT '数据范围（0：所有数据；1：所在公司及以下数据；2：所在公司数据；3：所在部门及以下数据；4：所在部门数据；8：仅本人数据；9：按明细设置）',
  `is_sys` varchar(64) DEFAULT NULL,
  `useable` varchar(64) DEFAULT NULL,
  `create_by` varchar(64) NOT NULL COMMENT '创建者',
  `create_date` datetime NOT NULL COMMENT '创建时间',
  `update_by` varchar(64) NOT NULL COMMENT '更新者',
  `update_date` datetime NOT NULL COMMENT '更新时间',
  `remarks` varchar(255) DEFAULT NULL COMMENT '备注信息',
  `del_flag` char(1) NOT NULL DEFAULT '0' COMMENT '删除标记（0：正常；1：删除）',
  PRIMARY KEY (`id`)
) ENGINE=InnoDB DEFAULT CHARSET=utf8 COMMENT='角色表';

/*Data for the table `sys_role` */

insert  into `sys_role`(`id`,`office_id`,`name`,`enname`,`role_type`,`data_scope`,`is_sys`,`useable`,`create_by`,`create_date`,`update_by`,`update_date`,`remarks`,`del_flag`) values 
('017fe8f5-97ec-40e3-ad75-6829336ad71a',NULL,'管理员','','11','1','0','1','9b70e448-58e7-4a46-ac83-c408d835643d','2016-06-20 18:14:04','9b70e448-58e7-4a46-ac83-c408d835643d','2017-01-04 10:05:50','管理员','0'),
('89f47eae-cc47-43b9-8b7d-9cf574983dbe',NULL,'2222','','11','1','0','1','9b70e448-58e7-4a46-ac83-c408d835643d','2017-01-03 11:10:11','9b70e448-58e7-4a46-ac83-c408d835643d','2017-01-03 11:10:11','2222','0');

/*Table structure for table `sys_role_office` */

DROP TABLE IF EXISTS `sys_role_office`;

CREATE TABLE `sys_role_office` (
  `role_id` varchar(64) NOT NULL COMMENT '角色编号',
  `office_id` varchar(64) NOT NULL COMMENT '机构编号',
  PRIMARY KEY (`role_id`,`office_id`),
  KEY `office_id` (`office_id`),
  CONSTRAINT `sys_role_office_ibfk_1` FOREIGN KEY (`office_id`) REFERENCES `sys_office` (`id`) ON DELETE NO ACTION ON UPDATE NO ACTION,
  CONSTRAINT `sys_role_office_ibfk_2` FOREIGN KEY (`role_id`) REFERENCES `sys_role` (`id`) ON DELETE NO ACTION ON UPDATE NO ACTION
) ENGINE=InnoDB DEFAULT CHARSET=utf8 COMMENT='角色-机构';

/*Data for the table `sys_role_office` */

/*Table structure for table `sys_role_right` */

DROP TABLE IF EXISTS `sys_role_right`;

CREATE TABLE `sys_role_right` (
  `role_id` varchar(64) NOT NULL COMMENT '编号',
  `right_id` varchar(64) NOT NULL,
  PRIMARY KEY (`role_id`,`right_id`),
  KEY `right_id` (`right_id`),
  CONSTRAINT `sys_role_right_ibfk_1` FOREIGN KEY (`right_id`) REFERENCES `sys_right` (`id`) ON DELETE NO ACTION ON UPDATE NO ACTION,
  CONSTRAINT `sys_role_right_ibfk_2` FOREIGN KEY (`role_id`) REFERENCES `sys_role` (`id`) ON DELETE NO ACTION ON UPDATE NO ACTION
) ENGINE=InnoDB DEFAULT CHARSET=utf8;

/*Data for the table `sys_role_right` */

insert  into `sys_role_right`(`role_id`,`right_id`) values 
('017fe8f5-97ec-40e3-ad75-6829336ad71a','0175a43c-9e91-4cd8-83cc-d1d0200f317b'),
('017fe8f5-97ec-40e3-ad75-6829336ad71a','1d7eeac1-78cb-428b-8d7a-1f8f4f16837a'),
('017fe8f5-97ec-40e3-ad75-6829336ad71a','20e2f1f9-6635-4701-a7fb-228c97e40832'),
('017fe8f5-97ec-40e3-ad75-6829336ad71a','52c2c31b-75e1-411a-9bde-842a437832dd'),
('017fe8f5-97ec-40e3-ad75-6829336ad71a','56d2cdfc-63fe-411b-aedd-c92c08348dc2'),
('017fe8f5-97ec-40e3-ad75-6829336ad71a','68ae38bb-0455-4747-8365-05dc86043013'),
('017fe8f5-97ec-40e3-ad75-6829336ad71a','69b8f436-ac77-414f-8210-1e4a9277cb85'),
('017fe8f5-97ec-40e3-ad75-6829336ad71a','6e0e9028-4e38-40d1-8c5b-1e7a76fd3945'),
('017fe8f5-97ec-40e3-ad75-6829336ad71a','7b8822fa-397f-4fb6-9d72-f2d7671405b9'),
('017fe8f5-97ec-40e3-ad75-6829336ad71a','80be0a73-b56e-47b4-90da-1fe11dffe58f'),
('017fe8f5-97ec-40e3-ad75-6829336ad71a','80ca1ae9-b020-4314-a5bd-631ad5ef683e'),
('017fe8f5-97ec-40e3-ad75-6829336ad71a','aa5a583b-aa08-4c66-98b5-2dcae4e5b37f'),
('017fe8f5-97ec-40e3-ad75-6829336ad71a','ad7c3833-f900-4751-ac2b-38df9119e465'),
('017fe8f5-97ec-40e3-ad75-6829336ad71a','bae5dab5-153a-4dfb-93a2-80c830e088c8'),
('017fe8f5-97ec-40e3-ad75-6829336ad71a','be22d3b6-ecb9-4ad4-bdab-a419206d020a'),
('017fe8f5-97ec-40e3-ad75-6829336ad71a','c20145e5-39cb-469f-bb9f-0d1c499fcf1f'),
('017fe8f5-97ec-40e3-ad75-6829336ad71a','c69907e4-2f3d-44c6-9c23-3f1706eb009f'),
('017fe8f5-97ec-40e3-ad75-6829336ad71a','d79b1179-265d-4f24-b50a-854b5f67902c'),
('017fe8f5-97ec-40e3-ad75-6829336ad71a','ebfa1e07-4cb9-4e92-9ce7-1453f4223163');

/*Table structure for table `sys_user` */

DROP TABLE IF EXISTS `sys_user`;

CREATE TABLE `sys_user` (
  `id` varchar(64) NOT NULL COMMENT '编号',
  `login_name` varchar(100) NOT NULL COMMENT '登录名',
  `password` varchar(100) NOT NULL COMMENT '密码',
  `no` varchar(100) DEFAULT NULL COMMENT '工号',
  `name` varchar(100) NOT NULL COMMENT '姓名',
  `email` varchar(200) DEFAULT NULL COMMENT '邮箱',
  `phone` varchar(200) DEFAULT NULL COMMENT '电话',
  `mobile` varchar(200) DEFAULT NULL COMMENT '手机',
  `user_type` char(1) DEFAULT NULL COMMENT '用户类型',
  `photo` varchar(1000) DEFAULT NULL,
  `login_ip` varchar(100) DEFAULT NULL COMMENT '最后登陆IP',
  `login_date` datetime DEFAULT NULL COMMENT '最后登陆时间',
  `login_flag` varchar(64) DEFAULT NULL,
  `create_by` varchar(64) NOT NULL COMMENT '创建者',
  `create_date` datetime NOT NULL COMMENT '创建时间',
  `update_by` varchar(64) NOT NULL COMMENT '更新者',
  `update_date` datetime NOT NULL COMMENT '更新时间',
  `remarks` varchar(255) DEFAULT NULL COMMENT '备注信息',
  `del_flag` char(1) NOT NULL DEFAULT '0' COMMENT '删除标记（0：正常；1：删除）',
  `sex` int(1) DEFAULT '0' COMMENT '性别 0:男 1:女',
  PRIMARY KEY (`id`)
) ENGINE=InnoDB DEFAULT CHARSET=utf8 COMMENT='用户表';

/*Data for the table `sys_user` */

insert  into `sys_user`(`id`,`login_name`,`password`,`no`,`name`,`email`,`phone`,`mobile`,`user_type`,`photo`,`login_ip`,`login_date`,`login_flag`,`create_by`,`create_date`,`update_by`,`update_date`,`remarks`,`del_flag`,`sex`) values 
('02a4eda8-8c03-4518-a6e9-b02676b993a9','cbe','XZj6N+1Hs0SMeMZemvI9X+tE7x4Wrz+rKXqR4Z0i7Wk=','111','cbe','chengang@126.com','15039292922',NULL,'1',NULL,NULL,NULL,'1','02a4eda8-8c03-4518-a6e9-b02676b993a9','2016-12-03 22:54:25','02a4eda8-8c03-4518-a6e9-b02676b993a9','2016-12-03 22:54:25',NULL,'0',0),
('4553123d-8ce8-4bbe-b045-72faff612d22','chen22','nYfftXSloE9lNyn91Nj4tQKqGJXDV/k7rrSW7yzpt6U=','22','chen22','chen22@126.com','15034042920','15034042920','1',NULL,NULL,NULL,'1','4553123d-8ce8-4bbe-b045-72faff612d22','2016-12-05 23:04:20','9b70e448-58e7-4a46-ac83-c408d835643d','2017-01-03 14:47:09',NULL,'0',0),
('8928eb71-38f0-4d11-a9b8-8b3e1c005106','chengang','9z7zb9BJPij0S7dnpVMCy52rF/pbnBaVRehynLXRChs=','02','ad','chengang@126.com','15039292922',NULL,'1',NULL,NULL,NULL,'1','8928eb71-38f0-4d11-a9b8-8b3e1c005106','2016-12-02 16:53:48','8928eb71-38f0-4d11-a9b8-8b3e1c005106','2016-12-02 16:53:48',NULL,'0',0),
('9b70e448-58e7-4a46-ac83-c408d835643d','admin','4yl9RZ6rTkywSVtu2b2jkPl5XuCY8xUScfYzDSTaplc=','01','陈钢','chengang1986_2006@126.com','15034942952','15034942952','1',NULL,NULL,'2016-01-01 00:00:00','1','8928eb71-38f0-4d11-a9b8-8b3e1c005106','2016-01-01 00:00:00','9b70e448-58e7-4a46-ac83-c408d835643d','2016-06-30 17:54:44','备注123222','0',0),
('b4b57b41-8ef1-4009-87ea-73150e0dc416','adminuser','GdPnqBZO5ZBYPfx93/c5XXNudj5W5pli6pAv4SsbcDM=','109','adminuser','chengang@126.com','15039292922',NULL,'1',NULL,NULL,NULL,'1','b4b57b41-8ef1-4009-87ea-73150e0dc416','2016-12-02 11:12:47','b4b57b41-8ef1-4009-87ea-73150e0dc416','2016-12-02 11:12:47',NULL,'0',1),
('c12d1e8c-6705-4c3c-934d-921fa748583b','888','111111','888','888','chengang@126.com','15039292922',NULL,'1',NULL,NULL,NULL,'1','c12d1e8c-6705-4c3c-934d-921fa748583b','2016-12-02 11:21:46','c12d1e8c-6705-4c3c-934d-921fa748583b','2016-12-02 11:21:46',NULL,'0',0),
('d4e8be7d-2ae5-4eec-8c0a-3b09f42b927f','2222','01H6UB+xZu+LM26n8YYtf99DAvcfO5XMZGV/ggyahOQ=','22222','22222','chengang@126.com','15039292922',NULL,'1',NULL,NULL,NULL,'1','d4e8be7d-2ae5-4eec-8c0a-3b09f42b927f','2016-12-03 22:53:32','d4e8be7d-2ae5-4eec-8c0a-3b09f42b927f','2016-12-03 22:53:32',NULL,'0',0);

/*Table structure for table `sys_user_role` */

DROP TABLE IF EXISTS `sys_user_role`;

CREATE TABLE `sys_user_role` (
  `user_id` varchar(64) NOT NULL COMMENT '用户编号',
  `role_id` varchar(64) NOT NULL COMMENT '角色编号',
  PRIMARY KEY (`user_id`,`role_id`),
  KEY `role_id` (`role_id`),
  CONSTRAINT `sys_user_role_ibfk_1` FOREIGN KEY (`role_id`) REFERENCES `sys_role` (`id`) ON DELETE NO ACTION ON UPDATE NO ACTION,
  CONSTRAINT `sys_user_role_ibfk_2` FOREIGN KEY (`user_id`) REFERENCES `sys_user` (`id`) ON DELETE NO ACTION ON UPDATE NO ACTION
) ENGINE=InnoDB DEFAULT CHARSET=utf8 COMMENT='用户-角色';

/*Data for the table `sys_user_role` */

insert  into `sys_user_role`(`user_id`,`role_id`) values 
('4553123d-8ce8-4bbe-b045-72faff612d22','017fe8f5-97ec-40e3-ad75-6829336ad71a'),
('4553123d-8ce8-4bbe-b045-72faff612d22','89f47eae-cc47-43b9-8b7d-9cf574983dbe'),
('9b70e448-58e7-4a46-ac83-c408d835643d','017fe8f5-97ec-40e3-ad75-6829336ad71a');

/*!40101 SET SQL_MODE=@OLD_SQL_MODE */;
/*!40014 SET FOREIGN_KEY_CHECKS=@OLD_FOREIGN_KEY_CHECKS */;
/*!40014 SET UNIQUE_CHECKS=@OLD_UNIQUE_CHECKS */;
/*!40111 SET SQL_NOTES=@OLD_SQL_NOTES */;
